,Frame_Id,Car_Count_Predicted,Total,Sedan_Count_Predicted,SUV_Count_Predicted,Sedan,SUV,Car_Count_Difference,F1_Score_Q1,Sedan_Count_Difference,SUV_Count_Difference,true_positives,false_positives,false_negatives,Precision,Recall,F1_Score_Q2
0,1,3,3,3,0,2,1,0,1.0,-1,1,0,0.0,1.0,,0.0,
1,2,3,3,3,0,2,1,0,1.0,-1,1,0,0.0,1.0,,0.0,
2,3,3,3,3,0,2,1,0,1.0,-1,1,0,0.0,1.0,,0.0,
3,4,3,3,3,0,2,1,0,1.0,-1,1,0,0.0,1.0,,0.0,
4,5,3,3,3,0,2,1,0,1.0,-1,1,0,0.0,1.0,,0.0,
5,6,3,3,3,0,2,1,0,1.0,-1,1,0,0.0,1.0,,0.0,
6,7,3,3,3,0,2,1,0,1.0,-1,1,0,0.0,1.0,,0.0,
7,8,3,3,3,0,2,1,0,1.0,-1,1,0,0.0,1.0,,0.0,
8,9,3,3,3,0,2,1,0,1.0,-1,1,0,0.0,1.0,,0.0,
9,10,3,3,3,0,2,1,0,1.0,-1,1,0,0.0,1.0,,0.0,
10,11,3,3,3,0,2,1,0,1.0,-1,1,0,0.0,1.0,,0.0,
11,12,3,3,3,0,2,1,0,1.0,-1,1,0,0.0,1.0,,0.0,
12,13,4,3,4,0,2,1,-1,1.0,-2,1,0,0.0,0.0,,,
13,14,4,3,4,0,2,1,-1,1.0,-2,1,0,0.0,0.0,,,
14,15,3,3,3,0,2,1,0,1.0,-1,1,0,0.0,1.0,,0.0,
15,16,4,3,4,0,2,1,-1,1.0,-2,1,0,0.0,0.0,,,
16,17,3,3,3,0,2,1,0,1.0,-1,1,0,0.0,1.0,,0.0,
17,18,3,3,3,0,2,1,0,1.0,-1,1,0,0.0,1.0,,0.0,
18,19,3,3,2,1,2,1,0,1.0,0,0,1,0.0,0.0,1.0,1.0,1.0
19,20,3,3,3,0,2,1,0,1.0,-1,1,0,0.0,1.0,,0.0,
20,21,3,3,3,0,2,1,0,1.0,-1,1,0,0.0,1.0,,0.0,
21,22,3,3,3,0,2,1,0,1.0,-1,1,0,0.0,1.0,,0.0,
22,23,3,3,2,1,2,1,0,1.0,0,0,1,0.0,0.0,1.0,1.0,1.0
23,24,3,3,3,0,2,1,0,1.0,-1,1,0,0.0,1.0,,0.0,
24,25,3,3,2,1,2,1,0,1.0,0,0,1,0.0,0.0,1.0,1.0,1.0
25,26,3,3,3,0,2,1,0,1.0,-1,1,0,0.0,1.0,,0.0,
26,27,4,3,3,1,2,1,-1,1.0,-1,0,1,0.0,0.0,1.0,1.0,1.0
27,28,4,3,4,0,2,1,-1,1.0,-2,1,0,0.0,0.0,,,
28,29,3,3,2,1,2,1,0,1.0,0,0,1,0.0,0.0,1.0,1.0,1.0
29,30,3,3,2,1,2,1,0,1.0,0,0,1,0.0,0.0,1.0,1.0,1.0
30,31,3,3,3,0,2,1,0,1.0,-1,1,0,0.0,1.0,,0.0,
31,32,3,3,3,0,2,1,0,1.0,-1,1,0,0.0,1.0,,0.0,
32,33,3,3,3,0,2,1,0,1.0,-1,1,0,0.0,1.0,,0.0,
33,34,3,3,3,0,2,1,0,1.0,-1,1,0,0.0,1.0,,0.0,
34,35,3,3,3,0,2,1,0,1.0,-1,1,0,0.0,1.0,,0.0,
35,36,3,3,3,0,2,1,0,1.0,-1,1,0,0.0,1.0,,0.0,
36,37,2,3,2,0,2,1,1,0.8,0,1,0,0.0,0.0,,,
37,38,3,3,3,0,2,1,0,1.0,-1,1,0,0.0,1.0,,0.0,
38,39,3,3,3,0,2,1,0,1.0,-1,1,0,0.0,1.0,,0.0,
39,40,3,3,3,0,2,1,0,1.0,-1,1,0,0.0,1.0,,0.0,
40,41,3,3,3,0,2,1,0,1.0,-1,1,0,0.0,1.0,,0.0,
41,42,2,3,2,0,2,1,1,0.8,0,1,0,0.0,0.0,,,
42,43,3,3,3,0,2,1,0,1.0,-1,1,0,0.0,1.0,,0.0,
43,44,3,3,3,0,2,1,0,1.0,-1,1,0,0.0,1.0,,0.0,
44,45,2,3,2,0,2,1,1,0.8,0,1,0,0.0,0.0,,,
45,46,3,3,3,0,2,1,0,1.0,-1,1,0,0.0,1.0,,0.0,
46,47,4,3,4,0,2,1,-1,1.0,-2,1,0,0.0,0.0,,,
47,48,2,3,2,0,2,1,1,0.8,0,1,0,0.0,0.0,,,
48,49,2,3,2,0,2,1,1,0.8,0,1,0,0.0,0.0,,,
49,50,2,3,2,0,2,1,1,0.8,0,1,0,0.0,0.0,,,
50,51,2,2,2,0,2,0,0,1.0,0,0,0,0.0,0.0,,,
51,52,2,2,2,0,2,0,0,1.0,0,0,0,0.0,0.0,,,
52,53,2,2,2,0,2,0,0,1.0,0,0,0,0.0,0.0,,,
53,54,2,2,2,0,2,0,0,1.0,0,0,0,0.0,0.0,,,
54,55,3,2,3,0,2,0,-1,1.0,-1,0,0,0.0,0.0,,,
55,56,3,2,3,0,2,0,-1,1.0,-1,0,0,0.0,0.0,,,
56,57,3,1,3,0,1,0,-2,1.0,-2,0,0,0.0,0.0,,,
57,58,3,1,3,0,1,0,-2,1.0,-2,0,0,0.0,0.0,,,
58,59,3,1,3,0,1,0,-2,1.0,-2,0,0,0.0,0.0,,,
59,60,3,1,3,0,1,0,-2,1.0,-2,0,0,0.0,0.0,,,
60,61,3,1,3,0,1,0,-2,1.0,-2,0,0,0.0,0.0,,,
61,62,3,1,3,0,1,0,-2,1.0,-2,0,0,0.0,0.0,,,
62,63,2,1,2,0,1,0,-1,1.0,-1,0,0,0.0,0.0,,,
63,64,2,1,2,0,1,0,-1,1.0,-1,0,0,0.0,0.0,,,
64,65,2,1,2,0,1,0,-1,1.0,-1,0,0,0.0,0.0,,,
65,66,2,1,2,0,1,0,-1,1.0,-1,0,0,0.0,0.0,,,
66,67,2,1,2,0,1,0,-1,1.0,-1,0,0,0.0,0.0,,,
67,68,2,1,2,0,1,0,-1,1.0,-1,0,0,0.0,0.0,,,
68,69,2,1,2,0,1,0,-1,1.0,-1,0,0,0.0,0.0,,,
69,70,2,1,2,0,1,0,-1,1.0,-1,0,0,0.0,0.0,,,
70,71,2,1,2,0,1,0,-1,1.0,-1,0,0,0.0,0.0,,,
71,72,2,1,2,0,1,0,-1,1.0,-1,0,0,0.0,0.0,,,
72,73,2,1,2,0,1,0,-1,1.0,-1,0,0,0.0,0.0,,,
73,74,0,1,0,0,1,0,1,0.0,1,0,0,0.0,0.0,,,
74,75,0,1,0,0,1,0,1,0.0,1,0,0,0.0,0.0,,,
75,76,1,1,1,0,1,0,0,1.0,0,0,0,0.0,0.0,,,
76,77,0,1,0,0,1,0,1,0.0,1,0,0,0.0,0.0,,,
77,78,0,1,0,0,1,0,1,0.0,1,0,0,0.0,0.0,,,
78,79,0,1,0,0,1,0,1,0.0,1,0,0,0.0,0.0,,,
79,80,0,1,0,0,1,0,1,0.0,1,0,0,0.0,0.0,,,
80,81,0,1,0,0,1,0,1,0.0,1,0,0,0.0,0.0,,,
81,82,1,1,1,0,1,0,0,1.0,0,0,0,0.0,0.0,,,
82,83,0,1,0,0,1,0,1,0.0,1,0,0,0.0,0.0,,,
83,84,0,1,0,0,1,0,1,0.0,1,0,0,0.0,0.0,,,
84,85,1,1,1,0,1,0,0,1.0,0,0,0,0.0,0.0,,,
85,86,0,1,0,0,1,0,1,0.0,1,0,0,0.0,0.0,,,
86,87,0,1,0,0,1,0,1,0.0,1,0,0,0.0,0.0,,,
87,88,0,1,0,0,1,0,1,0.0,1,0,0,0.0,0.0,,,
88,89,0,1,0,0,1,0,1,0.0,1,0,0,0.0,0.0,,,
89,90,1,1,1,0,1,0,0,1.0,0,0,0,0.0,0.0,,,
90,91,1,1,1,0,1,0,0,1.0,0,0,0,0.0,0.0,,,
91,92,1,1,1,0,1,0,0,1.0,0,0,0,0.0,0.0,,,
92,93,1,1,1,0,1,0,0,1.0,0,0,0,0.0,0.0,,,
93,94,1,1,1,0,1,0,0,1.0,0,0,0,0.0,0.0,,,
94,95,1,1,1,0,1,0,0,1.0,0,0,0,0.0,0.0,,,
95,96,0,1,0,0,1,0,1,0.0,1,0,0,0.0,0.0,,,
96,97,1,1,1,0,1,0,0,1.0,0,0,0,0.0,0.0,,,
97,98,0,1,0,0,1,0,1,0.0,1,0,0,0.0,0.0,,,
98,99,1,1,1,0,1,0,0,1.0,0,0,0,0.0,0.0,,,
99,100,0,1,0,0,1,0,1,0.0,1,0,0,0.0,0.0,,,
100,101,1,1,1,0,1,0,0,1.0,0,0,0,0.0,0.0,,,
101,102,1,1,1,0,1,0,0,1.0,0,0,0,0.0,0.0,,,
102,103,1,1,1,0,1,0,0,1.0,0,0,0,0.0,0.0,,,
103,104,1,1,1,0,1,0,0,1.0,0,0,0,0.0,0.0,,,
104,105,1,1,1,0,1,0,0,1.0,0,0,0,0.0,0.0,,,
105,106,1,1,1,0,1,0,0,1.0,0,0,0,0.0,0.0,,,
106,107,0,1,0,0,1,0,1,0.0,1,0,0,0.0,0.0,,,
107,108,0,1,0,0,1,0,1,0.0,1,0,0,0.0,0.0,,,
108,109,1,1,1,0,1,0,0,1.0,0,0,0,0.0,0.0,,,
109,110,2,1,2,0,1,0,-1,1.0,-1,0,0,0.0,0.0,,,
110,111,1,1,1,0,1,0,0,1.0,0,0,0,0.0,0.0,,,
111,112,1,1,1,0,1,0,0,1.0,0,0,0,0.0,0.0,,,
112,113,1,1,1,0,1,0,0,1.0,0,0,0,0.0,0.0,,,
113,114,1,1,1,0,1,0,0,1.0,0,0,0,0.0,0.0,,,
114,115,1,1,1,0,1,0,0,1.0,0,0,0,0.0,0.0,,,
115,116,1,1,1,0,1,0,0,1.0,0,0,0,0.0,0.0,,,
116,117,1,1,1,0,1,0,0,1.0,0,0,0,0.0,0.0,,,
117,118,1,1,1,0,1,0,0,1.0,0,0,0,0.0,0.0,,,
118,119,1,1,1,0,1,0,0,1.0,0,0,0,0.0,0.0,,,
119,120,2,2,2,0,1,1,0,1.0,-1,1,0,0.0,1.0,,0.0,
120,121,1,2,1,0,1,1,1,0.6666666666666666,0,1,0,0.0,0.0,,,
121,122,1,2,1,0,1,1,1,0.6666666666666666,0,1,0,0.0,0.0,,,
122,123,1,2,1,0,1,1,1,0.6666666666666666,0,1,0,0.0,0.0,,,
123,124,0,2,0,0,1,1,2,0.0,1,1,0,-1.0,-1.0,-0.0,-0.0,
124,125,0,2,0,0,1,1,2,0.0,1,1,0,-1.0,-1.0,-0.0,-0.0,
125,126,0,2,0,0,1,1,2,0.0,1,1,0,-1.0,-1.0,-0.0,-0.0,
126,127,0,2,0,0,1,1,2,0.0,1,1,0,-1.0,-1.0,-0.0,-0.0,
127,128,2,2,2,0,1,1,0,1.0,-1,1,0,0.0,1.0,,0.0,
128,129,2,2,2,0,1,1,0,1.0,-1,1,0,0.0,1.0,,0.0,
129,130,2,2,2,0,1,1,0,1.0,-1,1,0,0.0,1.0,,0.0,
130,131,2,2,2,0,1,1,0,1.0,-1,1,0,0.0,1.0,,0.0,
131,132,2,2,2,0,1,1,0,1.0,-1,1,0,0.0,1.0,,0.0,
132,133,2,2,2,0,1,1,0,1.0,-1,1,0,0.0,1.0,,0.0,
133,134,2,2,2,0,1,1,0,1.0,-1,1,0,0.0,1.0,,0.0,
134,135,1,2,1,0,1,1,1,0.6666666666666666,0,1,0,0.0,0.0,,,
135,136,2,2,2,0,1,1,0,1.0,-1,1,0,0.0,1.0,,0.0,
136,137,2,2,2,0,1,1,0,1.0,-1,1,0,0.0,1.0,,0.0,
137,138,2,2,2,0,1,1,0,1.0,-1,1,0,0.0,1.0,,0.0,
138,139,2,2,2,0,1,1,0,1.0,-1,1,0,0.0,1.0,,0.0,
139,140,2,2,2,0,1,1,0,1.0,-1,1,0,0.0,1.0,,0.0,
140,141,2,2,2,0,1,1,0,1.0,-1,1,0,0.0,1.0,,0.0,
141,142,2,2,2,0,1,1,0,1.0,-1,1,0,0.0,1.0,,0.0,
142,143,2,2,2,0,1,1,0,1.0,-1,1,0,0.0,1.0,,0.0,
143,144,2,2,2,0,1,1,0,1.0,-1,1,0,0.0,1.0,,0.0,
144,145,2,2,2,0,1,1,0,1.0,-1,1,0,0.0,1.0,,0.0,
145,146,2,2,2,0,1,1,0,1.0,-1,1,0,0.0,1.0,,0.0,
146,147,2,2,2,0,1,1,0,1.0,-1,1,0,0.0,1.0,,0.0,
147,148,2,2,2,0,1,1,0,1.0,-1,1,0,0.0,1.0,,0.0,
148,149,2,2,2,0,1,1,0,1.0,-1,1,0,0.0,1.0,,0.0,
149,150,2,2,2,0,1,1,0,1.0,-1,1,0,0.0,1.0,,0.0,
150,151,2,2,2,0,1,1,0,1.0,-1,1,0,0.0,1.0,,0.0,
151,152,2,2,2,0,1,1,0,1.0,-1,1,0,0.0,1.0,,0.0,
152,153,2,2,2,0,1,1,0,1.0,-1,1,0,0.0,1.0,,0.0,
153,154,2,2,2,0,1,1,0,1.0,-1,1,0,0.0,1.0,,0.0,
154,155,2,2,2,0,1,1,0,1.0,-1,1,0,0.0,1.0,,0.0,
155,156,3,2,3,0,1,1,-1,1.0,-2,1,0,0.0,0.0,,,
156,157,3,2,3,0,1,1,-1,1.0,-2,1,0,0.0,0.0,,,
157,158,1,2,1,0,1,1,1,0.6666666666666666,0,1,0,0.0,0.0,,,
158,159,1,2,1,0,1,1,1,0.6666666666666666,0,1,0,0.0,0.0,,,
159,160,1,3,1,0,1,2,2,0.5,0,2,0,0.0,0.0,,,
160,161,1,3,1,0,1,2,2,0.5,0,2,0,0.0,0.0,,,
161,162,2,3,2,0,1,2,1,0.8,-1,2,0,0.0,1.0,,0.0,
162,163,2,3,2,0,1,2,1,0.8,-1,2,0,0.0,1.0,,0.0,
163,164,2,3,2,0,1,2,1,0.8,-1,2,0,0.0,1.0,,0.0,
164,165,2,3,2,0,1,2,1,0.8,-1,2,0,0.0,1.0,,0.0,
165,166,2,3,2,0,1,2,1,0.8,-1,2,0,0.0,1.0,,0.0,
166,167,2,3,2,0,1,2,1,0.8,-1,2,0,0.0,1.0,,0.0,
167,168,2,3,2,0,1,2,1,0.8,-1,2,0,0.0,1.0,,0.0,
168,169,2,3,2,0,1,2,1,0.8,-1,2,0,0.0,1.0,,0.0,
169,170,2,3,1,1,1,2,1,0.8,0,1,1,0.0,0.0,1.0,1.0,1.0
170,171,2,3,1,1,1,2,1,0.8,0,1,1,0.0,0.0,1.0,1.0,1.0
171,172,2,3,1,1,1,2,1,0.8,0,1,1,0.0,0.0,1.0,1.0,1.0
172,173,3,3,3,0,1,2,0,1.0,-2,2,0,0.0,2.0,,0.0,
173,174,3,3,3,0,1,2,0,1.0,-2,2,0,0.0,2.0,,0.0,
174,175,2,3,2,0,1,2,1,0.8,-1,2,0,0.0,1.0,,0.0,
175,176,2,3,1,1,1,2,1,0.8,0,1,1,0.0,0.0,1.0,1.0,1.0
176,177,2,3,1,1,1,2,1,0.8,0,1,1,0.0,0.0,1.0,1.0,1.0
177,178,2,3,2,0,1,2,1,0.8,-1,2,0,0.0,1.0,,0.0,
178,179,2,3,2,0,1,2,1,0.8,-1,2,0,0.0,1.0,,0.0,
179,180,2,3,2,0,1,2,1,0.8,-1,2,0,0.0,1.0,,0.0,
180,181,2,3,2,0,1,2,1,0.8,-1,2,0,0.0,1.0,,0.0,
181,182,2,3,2,0,1,2,1,0.8,-1,2,0,0.0,1.0,,0.0,
182,183,2,3,2,0,1,2,1,0.8,-1,2,0,0.0,1.0,,0.0,
183,184,3,3,3,0,1,2,0,1.0,-2,2,0,0.0,2.0,,0.0,
184,185,2,3,2,0,1,2,1,0.8,-1,2,0,0.0,1.0,,0.0,
185,186,2,3,2,0,1,2,1,0.8,-1,2,0,0.0,1.0,,0.0,
186,187,2,3,2,0,1,2,1,0.8,-1,2,0,0.0,1.0,,0.0,
187,188,2,3,2,0,1,2,1,0.8,-1,2,0,0.0,1.0,,0.0,
188,189,2,3,2,0,1,2,1,0.8,-1,2,0,0.0,1.0,,0.0,
189,190,2,3,2,0,1,2,1,0.8,-1,2,0,0.0,1.0,,0.0,
190,191,2,3,2,0,1,2,1,0.8,-1,2,0,0.0,1.0,,0.0,
191,192,2,3,2,0,1,2,1,0.8,-1,2,0,0.0,1.0,,0.0,
192,193,2,3,2,0,1,2,1,0.8,-1,2,0,0.0,1.0,,0.0,
193,194,2,3,2,0,1,2,1,0.8,-1,2,0,0.0,1.0,,0.0,
194,195,2,4,2,0,2,2,2,0.6666666666666666,0,2,0,0.0,0.0,,,
195,196,2,4,2,0,2,2,2,0.6666666666666666,0,2,0,0.0,0.0,,,
196,197,2,4,2,0,2,2,2,0.6666666666666666,0,2,0,0.0,0.0,,,
197,198,2,4,2,0,2,2,2,0.6666666666666666,0,2,0,0.0,0.0,,,
198,199,2,4,2,0,2,2,2,0.6666666666666666,0,2,0,0.0,0.0,,,
199,200,2,4,2,0,2,2,2,0.6666666666666666,0,2,0,0.0,0.0,,,
200,201,2,4,2,0,2,2,2,0.6666666666666666,0,2,0,0.0,0.0,,,
201,202,2,4,2,0,2,2,2,0.6666666666666666,0,2,0,0.0,0.0,,,
202,203,2,4,2,0,2,2,2,0.6666666666666666,0,2,0,0.0,0.0,,,
203,204,2,4,2,0,2,2,2,0.6666666666666666,0,2,0,0.0,0.0,,,
204,205,2,4,2,0,2,2,2,0.6666666666666666,0,2,0,0.0,0.0,,,
205,206,2,4,2,0,2,2,2,0.6666666666666666,0,2,0,0.0,0.0,,,
206,207,2,4,2,0,2,2,2,0.6666666666666666,0,2,0,0.0,0.0,,,
207,208,2,4,2,0,2,2,2,0.6666666666666666,0,2,0,0.0,0.0,,,
208,209,2,4,2,0,2,2,2,0.6666666666666666,0,2,0,0.0,0.0,,,
209,210,2,4,2,0,2,2,2,0.6666666666666666,0,2,0,0.0,0.0,,,
210,211,2,4,2,0,2,2,2,0.6666666666666666,0,2,0,0.0,0.0,,,
211,212,2,4,2,0,2,2,2,0.6666666666666666,0,2,0,0.0,0.0,,,
212,213,2,4,2,0,2,2,2,0.6666666666666666,0,2,0,0.0,0.0,,,
213,214,2,4,2,0,2,2,2,0.6666666666666666,0,2,0,0.0,0.0,,,
214,215,2,4,2,0,2,2,2,0.6666666666666666,0,2,0,0.0,0.0,,,
215,216,2,4,2,0,2,2,2,0.6666666666666666,0,2,0,0.0,0.0,,,
216,217,2,4,2,0,2,2,2,0.6666666666666666,0,2,0,0.0,0.0,,,
217,218,2,4,2,0,2,2,2,0.6666666666666666,0,2,0,0.0,0.0,,,
218,219,2,4,2,0,2,2,2,0.6666666666666666,0,2,0,0.0,0.0,,,
219,220,3,4,3,0,2,2,1,0.8571428571428571,-1,2,0,0.0,1.0,,0.0,
220,221,3,4,3,0,2,2,1,0.8571428571428571,-1,2,0,0.0,1.0,,0.0,
221,222,3,4,3,0,2,2,1,0.8571428571428571,-1,2,0,0.0,1.0,,0.0,
222,223,2,4,2,0,2,2,2,0.6666666666666666,0,2,0,0.0,0.0,,,
223,224,2,4,2,0,2,2,2,0.6666666666666666,0,2,0,0.0,0.0,,,
224,225,2,4,2,0,2,2,2,0.6666666666666666,0,2,0,0.0,0.0,,,
225,226,2,4,2,0,2,2,2,0.6666666666666666,0,2,0,0.0,0.0,,,
226,227,3,4,3,0,2,2,1,0.8571428571428571,-1,2,0,0.0,1.0,,0.0,
227,228,3,4,3,0,2,2,1,0.8571428571428571,-1,2,0,0.0,1.0,,0.0,
228,229,3,4,3,0,2,2,1,0.8571428571428571,-1,2,0,0.0,1.0,,0.0,
229,230,3,4,3,0,2,2,1,0.8571428571428571,-1,2,0,0.0,1.0,,0.0,
230,231,3,4,3,0,2,2,1,0.8571428571428571,-1,2,0,0.0,1.0,,0.0,
231,232,3,4,3,0,2,2,1,0.8571428571428571,-1,2,0,0.0,1.0,,0.0,
232,233,4,4,4,0,2,2,0,1.0,-2,2,0,0.0,2.0,,0.0,
233,234,4,4,4,0,2,2,0,1.0,-2,2,0,0.0,2.0,,0.0,
234,235,4,4,4,0,2,2,0,1.0,-2,2,0,0.0,2.0,,0.0,
235,236,4,4,4,0,2,2,0,1.0,-2,2,0,0.0,2.0,,0.0,
236,237,3,4,3,0,2,2,1,0.8571428571428571,-1,2,0,0.0,1.0,,0.0,
237,238,3,4,3,0,2,2,1,0.8571428571428571,-1,2,0,0.0,1.0,,0.0,
238,239,3,4,3,0,2,2,1,0.8571428571428571,-1,2,0,0.0,1.0,,0.0,
239,240,3,4,3,0,2,2,1,0.8571428571428571,-1,2,0,0.0,1.0,,0.0,
240,241,4,4,4,0,2,2,0,1.0,-2,2,0,0.0,2.0,,0.0,
241,242,3,4,3,0,2,2,1,0.8571428571428571,-1,2,0,0.0,1.0,,0.0,
242,243,4,3,4,0,1,2,-1,1.0,-3,2,0,0.0,1.0,,0.0,
243,244,4,3,4,0,1,2,-1,1.0,-3,2,0,0.0,1.0,,0.0,
244,245,3,3,3,0,1,2,0,1.0,-2,2,0,0.0,2.0,,0.0,
245,246,3,3,3,0,1,2,0,1.0,-2,2,0,0.0,2.0,,0.0,
246,247,3,3,3,0,1,2,0,1.0,-2,2,0,0.0,2.0,,0.0,
247,248,3,3,3,0,1,2,0,1.0,-2,2,0,0.0,2.0,,0.0,
248,249,4,3,4,0,1,2,-1,1.0,-3,2,0,0.0,1.0,,0.0,
249,250,3,3,3,0,1,2,0,1.0,-2,2,0,0.0,2.0,,0.0,
250,251,3,3,3,0,1,2,0,1.0,-2,2,0,0.0,2.0,,0.0,
251,252,3,3,3,0,1,2,0,1.0,-2,2,0,0.0,2.0,,0.0,
252,253,3,3,3,0,1,2,0,1.0,-2,2,0,0.0,2.0,,0.0,
253,254,3,3,3,0,1,2,0,1.0,-2,2,0,0.0,2.0,,0.0,
254,255,3,3,3,0,1,2,0,1.0,-2,2,0,0.0,2.0,,0.0,
255,256,3,3,3,0,1,2,0,1.0,-2,2,0,0.0,2.0,,0.0,
256,257,3,3,3,0,1,2,0,1.0,-2,2,0,0.0,2.0,,0.0,
257,258,3,3,3,0,1,2,0,1.0,-2,2,0,0.0,2.0,,0.0,
258,259,3,3,3,0,1,2,0,1.0,-2,2,0,0.0,2.0,,0.0,
259,260,4,3,4,0,1,2,-1,1.0,-3,2,0,0.0,1.0,,0.0,
260,261,4,3,4,0,1,2,-1,1.0,-3,2,0,0.0,1.0,,0.0,
261,262,3,3,3,0,1,2,0,1.0,-2,2,0,0.0,2.0,,0.0,
262,263,3,3,3,0,1,2,0,1.0,-2,2,0,0.0,2.0,,0.0,
263,264,3,3,3,0,1,2,0,1.0,-2,2,0,0.0,2.0,,0.0,
264,265,3,3,3,0,1,2,0,1.0,-2,2,0,0.0,2.0,,0.0,
265,266,3,3,3,0,1,2,0,1.0,-2,2,0,0.0,2.0,,0.0,
266,267,3,3,3,0,1,2,0,1.0,-2,2,0,0.0,2.0,,0.0,
267,268,3,3,3,0,1,2,0,1.0,-2,2,0,0.0,2.0,,0.0,
268,269,3,3,3,0,1,2,0,1.0,-2,2,0,0.0,2.0,,0.0,
269,270,4,3,4,0,1,2,-1,1.0,-3,2,0,0.0,1.0,,0.0,
270,271,4,3,4,0,1,2,-1,1.0,-3,2,0,0.0,1.0,,0.0,
271,272,3,3,3,0,1,2,0,1.0,-2,2,0,0.0,2.0,,0.0,
272,273,4,3,4,0,1,2,-1,1.0,-3,2,0,0.0,1.0,,0.0,
273,274,4,3,4,0,1,2,-1,1.0,-3,2,0,0.0,1.0,,0.0,
274,275,5,3,4,1,1,2,-2,1.0,-3,1,1,0.0,-1.0,1.0,inf,
275,276,5,3,5,0,1,2,-2,1.0,-4,2,0,0.0,0.0,,,
276,277,5,3,5,0,1,2,-2,1.0,-4,2,0,0.0,0.0,,,
277,278,5,3,5,0,1,2,-2,1.0,-4,2,0,0.0,0.0,,,
278,279,5,3,5,0,1,2,-2,1.0,-4,2,0,0.0,0.0,,,
279,280,5,3,5,0,1,2,-2,1.0,-4,2,0,0.0,0.0,,,
280,281,5,4,5,0,1,3,-1,1.0,-4,3,0,0.0,2.0,,0.0,
281,282,5,4,5,0,1,3,-1,1.0,-4,3,0,0.0,2.0,,0.0,
282,283,5,4,5,0,1,3,-1,1.0,-4,3,0,0.0,2.0,,0.0,
283,284,5,4,5,0,1,3,-1,1.0,-4,3,0,0.0,2.0,,0.0,
284,285,5,4,5,0,1,3,-1,1.0,-4,3,0,0.0,2.0,,0.0,
285,286,4,4,4,0,1,3,0,1.0,-3,3,0,0.0,3.0,,0.0,
286,287,5,4,5,0,1,3,-1,1.0,-4,3,0,0.0,2.0,,0.0,
287,288,4,4,3,1,1,3,0,1.0,-2,2,1,0.0,2.0,1.0,0.3333333333333333,0.5
288,289,4,4,4,0,1,3,0,1.0,-3,3,0,0.0,3.0,,0.0,
289,290,3,4,3,0,1,3,1,0.8571428571428571,-2,3,0,0.0,2.0,,0.0,
290,291,4,4,4,0,1,3,0,1.0,-3,3,0,0.0,3.0,,0.0,
291,292,4,4,4,0,1,3,0,1.0,-3,3,0,0.0,3.0,,0.0,
292,293,4,4,4,0,1,3,0,1.0,-3,3,0,0.0,3.0,,0.0,
293,294,4,4,4,0,1,3,0,1.0,-3,3,0,0.0,3.0,,0.0,
294,295,4,4,4,0,1,3,0,1.0,-3,3,0,0.0,3.0,,0.0,
295,296,3,4,3,0,1,3,1,0.8571428571428571,-2,3,0,0.0,2.0,,0.0,
296,297,3,4,3,0,1,3,1,0.8571428571428571,-2,3,0,0.0,2.0,,0.0,
297,298,3,4,3,0,1,3,1,0.8571428571428571,-2,3,0,0.0,2.0,,0.0,
298,299,3,4,3,0,1,3,1,0.8571428571428571,-2,3,0,0.0,2.0,,0.0,
299,300,3,4,3,0,1,3,1,0.8571428571428571,-2,3,0,0.0,2.0,,0.0,
300,301,3,4,3,0,1,3,1,0.8571428571428571,-2,3,0,0.0,2.0,,0.0,
301,302,3,4,3,0,1,3,1,0.8571428571428571,-2,3,0,0.0,2.0,,0.0,
302,303,2,4,2,0,1,3,2,0.6666666666666666,-1,3,0,0.0,1.0,,0.0,
303,304,3,4,2,1,1,3,1,0.8571428571428571,-1,2,1,0.0,1.0,1.0,0.5,0.6666666666666666
304,305,3,4,3,0,1,3,1,0.8571428571428571,-2,3,0,0.0,2.0,,0.0,
305,306,3,4,3,0,1,3,1,0.8571428571428571,-2,3,0,0.0,2.0,,0.0,
306,307,3,4,3,0,1,3,1,0.8571428571428571,-2,3,0,0.0,2.0,,0.0,
307,308,3,4,3,0,1,3,1,0.8571428571428571,-2,3,0,0.0,2.0,,0.0,
308,309,3,4,3,0,1,3,1,0.8571428571428571,-2,3,0,0.0,2.0,,0.0,
309,310,3,4,3,0,1,3,1,0.8571428571428571,-2,3,0,0.0,2.0,,0.0,
310,311,3,4,3,0,1,3,1,0.8571428571428571,-2,3,0,0.0,2.0,,0.0,
311,312,4,4,4,0,1,3,0,1.0,-3,3,0,0.0,3.0,,0.0,
312,313,4,4,4,0,1,3,0,1.0,-3,3,0,0.0,3.0,,0.0,
313,314,4,4,4,0,1,3,0,1.0,-3,3,0,0.0,3.0,,0.0,
314,315,4,4,4,0,1,3,0,1.0,-3,3,0,0.0,3.0,,0.0,
315,316,4,4,4,0,1,3,0,1.0,-3,3,0,0.0,3.0,,0.0,
316,317,4,4,4,0,1,3,0,1.0,-3,3,0,0.0,3.0,,0.0,
317,318,3,4,3,0,1,3,1,0.8571428571428571,-2,3,0,0.0,2.0,,0.0,
318,319,3,4,3,0,1,3,1,0.8571428571428571,-2,3,0,0.0,2.0,,0.0,
319,320,4,4,4,0,1,3,0,1.0,-3,3,0,0.0,3.0,,0.0,
320,321,3,4,3,0,1,3,1,0.8571428571428571,-2,3,0,0.0,2.0,,0.0,
321,322,4,4,3,1,1,3,0,1.0,-2,2,1,0.0,2.0,1.0,0.3333333333333333,0.5
322,323,4,4,4,0,1,3,0,1.0,-3,3,0,0.0,3.0,,0.0,
323,324,3,4,3,0,1,3,1,0.8571428571428571,-2,3,0,0.0,2.0,,0.0,
324,325,3,4,3,0,1,3,1,0.8571428571428571,-2,3,0,0.0,2.0,,0.0,
325,326,4,4,4,0,1,3,0,1.0,-3,3,0,0.0,3.0,,0.0,
326,327,4,4,4,0,1,3,0,1.0,-3,3,0,0.0,3.0,,0.0,
327,328,4,4,4,0,1,3,0,1.0,-3,3,0,0.0,3.0,,0.0,
328,329,4,4,4,0,1,3,0,1.0,-3,3,0,0.0,3.0,,0.0,
329,330,3,4,3,0,1,3,1,0.8571428571428571,-2,3,0,0.0,2.0,,0.0,
330,331,3,4,3,0,1,3,1,0.8571428571428571,-2,3,0,0.0,2.0,,0.0,
331,332,3,4,3,0,1,3,1,0.8571428571428571,-2,3,0,0.0,2.0,,0.0,
332,333,3,4,3,0,1,3,1,0.8571428571428571,-2,3,0,0.0,2.0,,0.0,
333,334,3,4,3,0,1,3,1,0.8571428571428571,-2,3,0,0.0,2.0,,0.0,
334,335,3,3,3,0,1,2,0,1.0,-2,2,0,0.0,2.0,,0.0,
335,336,3,3,3,0,1,2,0,1.0,-2,2,0,0.0,2.0,,0.0,
336,337,3,3,3,0,1,2,0,1.0,-2,2,0,0.0,2.0,,0.0,
337,338,3,3,3,0,1,2,0,1.0,-2,2,0,0.0,2.0,,0.0,
338,339,3,3,3,0,1,2,0,1.0,-2,2,0,0.0,2.0,,0.0,
339,340,3,3,3,0,1,2,0,1.0,-2,2,0,0.0,2.0,,0.0,
340,341,3,3,3,0,1,2,0,1.0,-2,2,0,0.0,2.0,,0.0,
341,342,3,3,3,0,1,2,0,1.0,-2,2,0,0.0,2.0,,0.0,
342,343,3,3,3,0,1,2,0,1.0,-2,2,0,0.0,2.0,,0.0,
343,344,3,3,3,0,1,2,0,1.0,-2,2,0,0.0,2.0,,0.0,
344,345,3,3,3,0,1,2,0,1.0,-2,2,0,0.0,2.0,,0.0,
345,346,3,3,3,0,1,2,0,1.0,-2,2,0,0.0,2.0,,0.0,
346,347,3,3,3,0,1,2,0,1.0,-2,2,0,0.0,2.0,,0.0,
347,348,3,3,3,0,1,2,0,1.0,-2,2,0,0.0,2.0,,0.0,
348,349,3,3,3,0,1,2,0,1.0,-2,2,0,0.0,2.0,,0.0,
349,350,3,3,3,0,1,2,0,1.0,-2,2,0,0.0,2.0,,0.0,
350,351,3,3,3,0,1,2,0,1.0,-2,2,0,0.0,2.0,,0.0,
351,352,3,3,3,0,1,2,0,1.0,-2,2,0,0.0,2.0,,0.0,
352,353,3,3,3,0,1,2,0,1.0,-2,2,0,0.0,2.0,,0.0,
353,354,3,3,3,0,1,2,0,1.0,-2,2,0,0.0,2.0,,0.0,
354,355,2,3,2,0,1,2,1,0.8,-1,2,0,0.0,1.0,,0.0,
355,356,2,3,2,0,1,2,1,0.8,-1,2,0,0.0,1.0,,0.0,
356,357,3,3,3,0,1,2,0,1.0,-2,2,0,0.0,2.0,,0.0,
357,358,2,3,2,0,1,2,1,0.8,-1,2,0,0.0,1.0,,0.0,
358,359,2,3,2,0,1,2,1,0.8,-1,2,0,0.0,1.0,,0.0,
359,360,2,3,2,0,1,2,1,0.8,-1,2,0,0.0,1.0,,0.0,
360,361,2,3,2,0,1,2,1,0.8,-1,2,0,0.0,1.0,,0.0,
361,362,2,3,2,0,1,2,1,0.8,-1,2,0,0.0,1.0,,0.0,
362,363,2,3,2,0,1,2,1,0.8,-1,2,0,0.0,1.0,,0.0,
363,364,2,3,2,0,1,2,1,0.8,-1,2,0,0.0,1.0,,0.0,
364,365,2,3,2,0,1,2,1,0.8,-1,2,0,0.0,1.0,,0.0,
365,366,2,3,2,0,1,2,1,0.8,-1,2,0,0.0,1.0,,0.0,
366,367,2,3,2,0,1,2,1,0.8,-1,2,0,0.0,1.0,,0.0,
367,368,2,3,2,0,1,2,1,0.8,-1,2,0,0.0,1.0,,0.0,
368,369,3,3,3,0,1,2,0,1.0,-2,2,0,0.0,2.0,,0.0,
369,370,3,4,3,0,1,3,1,0.8571428571428571,-2,3,0,0.0,2.0,,0.0,
370,371,3,4,3,0,1,3,1,0.8571428571428571,-2,3,0,0.0,2.0,,0.0,
371,372,4,4,4,0,1,3,0,1.0,-3,3,0,0.0,3.0,,0.0,
372,373,4,4,4,0,1,3,0,1.0,-3,3,0,0.0,3.0,,0.0,
373,374,4,4,4,0,1,3,0,1.0,-3,3,0,0.0,3.0,,0.0,
374,375,3,4,3,0,1,3,1,0.8571428571428571,-2,3,0,0.0,2.0,,0.0,
375,376,3,4,3,0,1,3,1,0.8571428571428571,-2,3,0,0.0,2.0,,0.0,
376,377,3,4,3,0,1,3,1,0.8571428571428571,-2,3,0,0.0,2.0,,0.0,
377,378,3,4,3,0,1,3,1,0.8571428571428571,-2,3,0,0.0,2.0,,0.0,
378,379,3,4,3,0,1,3,1,0.8571428571428571,-2,3,0,0.0,2.0,,0.0,
379,380,3,4,3,0,1,3,1,0.8571428571428571,-2,3,0,0.0,2.0,,0.0,
380,381,3,3,3,0,1,2,0,1.0,-2,2,0,0.0,2.0,,0.0,
381,382,3,3,3,0,1,2,0,1.0,-2,2,0,0.0,2.0,,0.0,
382,383,3,3,3,0,1,2,0,1.0,-2,2,0,0.0,2.0,,0.0,
383,384,3,3,3,0,1,2,0,1.0,-2,2,0,0.0,2.0,,0.0,
384,385,2,3,2,0,1,2,1,0.8,-1,2,0,0.0,1.0,,0.0,
385,386,2,3,2,0,1,2,1,0.8,-1,2,0,0.0,1.0,,0.0,
386,387,2,3,2,0,1,2,1,0.8,-1,2,0,0.0,1.0,,0.0,
387,388,2,3,2,0,1,2,1,0.8,-1,2,0,0.0,1.0,,0.0,
388,389,2,3,2,0,1,2,1,0.8,-1,2,0,0.0,1.0,,0.0,
389,390,3,3,2,1,1,2,0,1.0,-1,1,1,0.0,1.0,1.0,0.5,0.6666666666666666
390,391,3,3,2,1,1,2,0,1.0,-1,1,1,0.0,1.0,1.0,0.5,0.6666666666666666
391,392,3,3,2,1,1,2,0,1.0,-1,1,1,0.0,1.0,1.0,0.5,0.6666666666666666
392,393,3,3,2,1,1,2,0,1.0,-1,1,1,0.0,1.0,1.0,0.5,0.6666666666666666
393,394,3,3,3,0,1,2,0,1.0,-2,2,0,0.0,2.0,,0.0,
394,395,3,3,3,0,1,2,0,1.0,-2,2,0,0.0,2.0,,0.0,
395,396,3,3,3,0,1,2,0,1.0,-2,2,0,0.0,2.0,,0.0,
396,397,3,3,3,0,1,2,0,1.0,-2,2,0,0.0,2.0,,0.0,
397,398,3,3,3,0,1,2,0,1.0,-2,2,0,0.0,2.0,,0.0,
398,399,3,3,2,1,1,2,0,1.0,-1,1,1,0.0,1.0,1.0,0.5,0.6666666666666666
399,400,3,3,3,0,1,2,0,1.0,-2,2,0,0.0,2.0,,0.0,
400,401,3,3,3,0,1,2,0,1.0,-2,2,0,0.0,2.0,,0.0,
401,402,3,3,2,1,1,2,0,1.0,-1,1,1,0.0,1.0,1.0,0.5,0.6666666666666666
402,403,3,3,3,0,1,2,0,1.0,-2,2,0,0.0,2.0,,0.0,
403,404,3,3,3,0,1,2,0,1.0,-2,2,0,0.0,2.0,,0.0,
404,405,3,3,3,0,1,2,0,1.0,-2,2,0,0.0,2.0,,0.0,
405,406,2,2,2,0,1,1,0,1.0,-1,1,0,0.0,1.0,,0.0,
406,407,3,2,3,0,1,1,-1,1.0,-2,1,0,0.0,0.0,,,
407,408,3,2,2,0,1,1,-1,1.0,-1,1,0,0.0,0.0,,,
408,409,3,2,3,0,1,1,-1,1.0,-2,1,0,0.0,0.0,,,
409,410,3,2,3,0,1,1,-1,1.0,-2,1,0,0.0,0.0,,,
410,411,3,2,3,0,1,1,-1,1.0,-2,1,0,0.0,0.0,,,
411,412,3,2,3,0,1,1,-1,1.0,-2,1,0,0.0,0.0,,,
412,413,3,2,3,0,1,1,-1,1.0,-2,1,0,0.0,0.0,,,
413,414,3,2,3,0,1,1,-1,1.0,-2,1,0,0.0,0.0,,,
414,415,3,2,3,0,1,1,-1,1.0,-2,1,0,0.0,0.0,,,
415,416,2,2,2,0,1,1,0,1.0,-1,1,0,0.0,1.0,,0.0,
416,417,2,2,2,0,1,1,0,1.0,-1,1,0,0.0,1.0,,0.0,
417,418,2,2,1,1,1,1,0,1.0,0,0,1,0.0,0.0,1.0,1.0,1.0
418,419,2,2,2,0,1,1,0,1.0,-1,1,0,0.0,1.0,,0.0,
419,420,2,2,2,0,1,1,0,1.0,-1,1,0,0.0,1.0,,0.0,
420,421,2,2,2,0,1,1,0,1.0,-1,1,0,0.0,1.0,,0.0,
421,422,2,2,2,0,1,1,0,1.0,-1,1,0,0.0,1.0,,0.0,
422,423,2,2,2,0,1,1,0,1.0,-1,1,0,0.0,1.0,,0.0,
423,424,2,2,2,0,1,1,0,1.0,-1,1,0,0.0,1.0,,0.0,
424,425,2,2,2,0,1,1,0,1.0,-1,1,0,0.0,1.0,,0.0,
425,426,2,2,2,0,1,1,0,1.0,-1,1,0,0.0,1.0,,0.0,
426,427,2,2,1,1,1,1,0,1.0,0,0,1,0.0,0.0,1.0,1.0,1.0
427,428,2,2,2,0,1,1,0,1.0,-1,1,0,0.0,1.0,,0.0,
428,429,2,2,2,0,1,1,0,1.0,-1,1,0,0.0,1.0,,0.0,
429,430,2,2,2,0,1,1,0,1.0,-1,1,0,0.0,1.0,,0.0,
430,431,2,2,2,0,1,1,0,1.0,-1,1,0,0.0,1.0,,0.0,
431,432,2,2,2,0,1,1,0,1.0,-1,1,0,0.0,1.0,,0.0,
432,433,2,2,2,0,1,1,0,1.0,-1,1,0,0.0,1.0,,0.0,
433,434,3,2,3,0,1,1,-1,1.0,-2,1,0,0.0,0.0,,,
434,435,3,2,3,0,1,1,-1,1.0,-2,1,0,0.0,0.0,,,
435,436,2,2,2,0,1,1,0,1.0,-1,1,0,0.0,1.0,,0.0,
436,437,2,2,2,0,1,1,0,1.0,-1,1,0,0.0,1.0,,0.0,
437,438,3,2,3,0,1,1,-1,1.0,-2,1,0,0.0,0.0,,,
438,439,3,2,3,0,1,1,-1,1.0,-2,1,0,0.0,0.0,,,
439,440,3,2,3,0,1,1,-1,1.0,-2,1,0,0.0,0.0,,,
440,441,1,2,1,0,1,1,1,0.6666666666666666,0,1,0,0.0,0.0,,,
441,442,1,2,1,0,1,1,1,0.6666666666666666,0,1,0,0.0,0.0,,,
442,443,1,2,1,0,1,1,1,0.6666666666666666,0,1,0,0.0,0.0,,,
443,444,1,2,1,0,1,1,1,0.6666666666666666,0,1,0,0.0,0.0,,,
444,445,1,2,1,0,1,1,1,0.6666666666666666,0,1,0,0.0,0.0,,,
445,446,2,2,2,0,1,1,0,1.0,-1,1,0,0.0,1.0,,0.0,
446,447,1,2,1,0,1,1,1,0.6666666666666666,0,1,0,0.0,0.0,,,
447,448,0,2,0,0,1,1,2,0.0,1,1,0,-1.0,-1.0,-0.0,-0.0,
448,449,1,2,1,0,1,1,1,0.6666666666666666,0,1,0,0.0,0.0,,,
449,450,1,2,1,0,1,1,1,0.6666666666666666,0,1,0,0.0,0.0,,,
450,451,1,3,1,0,1,2,2,0.5,0,2,0,0.0,0.0,,,
451,452,1,3,1,0,1,2,2,0.5,0,2,0,0.0,0.0,,,
452,453,1,3,1,0,1,2,2,0.5,0,2,0,0.0,0.0,,,
453,454,1,3,1,0,1,2,2,0.5,0,2,0,0.0,0.0,,,
454,455,1,3,1,0,1,2,2,0.5,0,2,0,0.0,0.0,,,
455,456,2,3,2,0,1,2,1,0.8,-1,2,0,0.0,1.0,,0.0,
456,457,2,3,2,0,1,2,1,0.8,-1,2,0,0.0,1.0,,0.0,
457,458,1,3,1,0,1,2,2,0.5,0,2,0,0.0,0.0,,,
458,459,1,3,1,0,1,2,2,0.5,0,2,0,0.0,0.0,,,
459,460,1,3,1,0,1,2,2,0.5,0,2,0,0.0,0.0,,,
460,461,1,3,1,0,1,2,2,0.5,0,2,0,0.0,0.0,,,
461,462,1,3,1,0,1,2,2,0.5,0,2,0,0.0,0.0,,,
462,463,1,3,1,0,1,2,2,0.5,0,2,0,0.0,0.0,,,
463,464,2,3,2,0,1,2,1,0.8,-1,2,0,0.0,1.0,,0.0,
464,465,2,3,2,0,1,2,1,0.8,-1,2,0,0.0,1.0,,0.0,
465,466,2,3,2,0,1,2,1,0.8,-1,2,0,0.0,1.0,,0.0,
466,467,2,3,2,0,1,2,1,0.8,-1,2,0,0.0,1.0,,0.0,
467,468,2,3,2,0,1,2,1,0.8,-1,2,0,0.0,1.0,,0.0,
468,469,2,3,2,0,1,2,1,0.8,-1,2,0,0.0,1.0,,0.0,
469,470,2,3,2,0,1,2,1,0.8,-1,2,0,0.0,1.0,,0.0,
470,471,2,3,2,0,1,2,1,0.8,-1,2,0,0.0,1.0,,0.0,
471,472,2,3,2,0,1,2,1,0.8,-1,2,0,0.0,1.0,,0.0,
472,473,2,3,2,0,1,2,1,0.8,-1,2,0,0.0,1.0,,0.0,
473,474,3,3,3,0,1,2,0,1.0,-2,2,0,0.0,2.0,,0.0,
474,475,3,3,2,1,1,2,0,1.0,-1,1,1,0.0,1.0,1.0,0.5,0.6666666666666666
475,476,3,3,3,0,1,2,0,1.0,-2,2,0,0.0,2.0,,0.0,
476,477,2,3,2,0,1,2,1,0.8,-1,2,0,0.0,1.0,,0.0,
477,478,2,3,2,0,1,2,1,0.8,-1,2,0,0.0,1.0,,0.0,
478,479,1,3,1,0,1,2,2,0.5,0,2,0,0.0,0.0,,,
479,480,3,3,3,0,1,2,0,1.0,-2,2,0,0.0,2.0,,0.0,
480,481,3,3,3,0,1,2,0,1.0,-2,2,0,0.0,2.0,,0.0,
481,482,3,3,3,0,1,2,0,1.0,-2,2,0,0.0,2.0,,0.0,
482,483,3,3,3,0,1,2,0,1.0,-2,2,0,0.0,2.0,,0.0,
483,484,4,3,4,0,1,2,-1,1.0,-3,2,0,0.0,1.0,,0.0,
484,485,4,3,4,0,1,2,-1,1.0,-3,2,0,0.0,1.0,,0.0,
485,486,4,4,4,0,1,3,0,1.0,-3,3,0,0.0,3.0,,0.0,
486,487,3,4,3,0,1,3,1,0.8571428571428571,-2,3,0,0.0,2.0,,0.0,
487,488,3,4,3,0,1,3,1,0.8571428571428571,-2,3,0,0.0,2.0,,0.0,
488,489,3,4,3,0,1,3,1,0.8571428571428571,-2,3,0,0.0,2.0,,0.0,
489,490,3,4,3,0,1,3,1,0.8571428571428571,-2,3,0,0.0,2.0,,0.0,
490,491,2,4,2,0,1,3,2,0.6666666666666666,-1,3,0,0.0,1.0,,0.0,
491,492,3,4,3,0,1,3,1,0.8571428571428571,-2,3,0,0.0,2.0,,0.0,
492,493,3,4,3,0,1,3,1,0.8571428571428571,-2,3,0,0.0,2.0,,0.0,
493,494,3,4,3,0,1,3,1,0.8571428571428571,-2,3,0,0.0,2.0,,0.0,
494,495,2,4,2,0,1,3,2,0.6666666666666666,-1,3,0,0.0,1.0,,0.0,
495,496,3,4,3,0,1,3,1,0.8571428571428571,-2,3,0,0.0,2.0,,0.0,
496,497,3,4,3,0,1,3,1,0.8571428571428571,-2,3,0,0.0,2.0,,0.0,
497,498,3,4,3,0,1,3,1,0.8571428571428571,-2,3,0,0.0,2.0,,0.0,
498,499,3,4,3,0,1,3,1,0.8571428571428571,-2,3,0,0.0,2.0,,0.0,
499,500,3,4,3,0,1,3,1,0.8571428571428571,-2,3,0,0.0,2.0,,0.0,
500,501,3,4,3,0,1,3,1,0.8571428571428571,-2,3,0,0.0,2.0,,0.0,
501,502,2,4,2,0,1,3,2,0.6666666666666666,-1,3,0,0.0,1.0,,0.0,
502,503,2,4,2,0,1,3,2,0.6666666666666666,-1,3,0,0.0,1.0,,0.0,
503,504,3,4,3,0,1,3,1,0.8571428571428571,-2,3,0,0.0,2.0,,0.0,
504,505,3,4,3,0,1,3,1,0.8571428571428571,-2,3,0,0.0,2.0,,0.0,
505,506,3,4,3,0,1,3,1,0.8571428571428571,-2,3,0,0.0,2.0,,0.0,
506,507,2,4,2,0,1,3,2,0.6666666666666666,-1,3,0,0.0,1.0,,0.0,
507,508,3,4,2,1,1,3,1,0.8571428571428571,-1,2,1,0.0,1.0,1.0,0.5,0.6666666666666666
508,509,3,4,2,1,1,3,1,0.8571428571428571,-1,2,1,0.0,1.0,1.0,0.5,0.6666666666666666
509,510,2,4,1,1,1,3,2,0.6666666666666666,0,2,1,0.0,0.0,1.0,1.0,1.0
510,511,2,4,1,1,1,3,2,0.6666666666666666,0,2,1,0.0,0.0,1.0,1.0,1.0
511,512,1,4,0,1,1,3,3,0.4,1,2,1,-2.0,-1.0,-1.0,inf,
512,513,1,4,0,1,1,3,3,0.4,1,2,1,-2.0,-1.0,-1.0,inf,
513,514,2,4,1,1,1,3,2,0.6666666666666666,0,2,1,0.0,0.0,1.0,1.0,1.0
514,515,1,3,0,1,1,2,2,0.5,1,1,1,-1.0,-1.0,inf,inf,
515,516,1,3,0,1,1,2,2,0.5,1,1,1,-1.0,-1.0,inf,inf,
516,517,1,3,0,1,1,2,2,0.5,1,1,1,-1.0,-1.0,inf,inf,
517,518,1,3,0,1,1,2,2,0.5,1,1,1,-1.0,-1.0,inf,inf,
518,519,1,2,0,1,1,1,1,0.6666666666666666,1,0,1,0.0,0.0,1.0,1.0,1.0
519,520,1,2,0,1,1,1,1,0.6666666666666666,1,0,1,0.0,0.0,1.0,1.0,1.0
520,521,1,2,0,1,1,1,1,0.6666666666666666,1,0,1,0.0,0.0,1.0,1.0,1.0
521,522,1,2,0,1,1,1,1,0.6666666666666666,1,0,1,0.0,0.0,1.0,1.0,1.0
522,523,1,1,0,1,0,1,0,1.0,0,0,1,0.0,0.0,1.0,1.0,1.0
523,524,1,1,0,1,0,1,0,1.0,0,0,1,0.0,0.0,1.0,1.0,1.0
524,525,1,1,0,1,0,1,0,1.0,0,0,1,0.0,0.0,1.0,1.0,1.0
525,526,1,1,1,0,0,1,0,1.0,-1,1,0,0.0,1.0,,0.0,
526,527,1,1,1,0,0,1,0,1.0,-1,1,0,0.0,1.0,,0.0,
527,528,1,1,1,0,0,1,0,1.0,-1,1,0,0.0,1.0,,0.0,
528,529,1,1,1,0,0,1,0,1.0,-1,1,0,0.0,1.0,,0.0,
529,530,1,1,1,0,0,1,0,1.0,-1,1,0,0.0,1.0,,0.0,
530,531,1,1,0,1,0,1,0,1.0,0,0,1,0.0,0.0,1.0,1.0,1.0
531,532,1,1,0,1,0,1,0,1.0,0,0,1,0.0,0.0,1.0,1.0,1.0
532,533,1,1,1,0,0,1,0,1.0,-1,1,0,0.0,1.0,,0.0,
533,534,3,1,3,0,0,1,-2,1.0,-3,1,0,0.0,-1.0,,-0.0,
534,535,1,2,1,0,0,2,1,0.6666666666666666,-1,2,0,0.0,1.0,,0.0,
535,536,1,2,1,0,0,2,1,0.6666666666666666,-1,2,0,0.0,1.0,,0.0,
536,537,1,2,1,0,0,2,1,0.6666666666666666,-1,2,0,0.0,1.0,,0.0,
537,538,2,2,2,0,0,2,0,1.0,-2,2,0,0.0,2.0,,0.0,
538,539,2,2,1,1,0,2,0,1.0,-1,1,1,0.0,1.0,1.0,0.5,0.6666666666666666
539,540,2,2,1,1,0,2,0,1.0,-1,1,1,0.0,1.0,1.0,0.5,0.6666666666666666
540,541,2,2,2,0,0,2,0,1.0,-2,2,0,0.0,2.0,,0.0,
541,542,2,2,2,0,0,2,0,1.0,-2,2,0,0.0,2.0,,0.0,
542,543,2,2,1,1,0,2,0,1.0,-1,1,1,0.0,1.0,1.0,0.5,0.6666666666666666
543,544,2,2,2,0,0,2,0,1.0,-2,2,0,0.0,2.0,,0.0,
544,545,2,2,2,0,0,2,0,1.0,-2,2,0,0.0,2.0,,0.0,
545,546,2,2,2,0,0,2,0,1.0,-2,2,0,0.0,2.0,,0.0,
546,547,2,2,2,0,0,2,0,1.0,-2,2,0,0.0,2.0,,0.0,
547,548,2,2,0,2,0,2,0,1.0,0,0,2,0.0,0.0,1.0,1.0,1.0
548,549,2,2,1,1,0,2,0,1.0,-1,1,1,0.0,1.0,1.0,0.5,0.6666666666666666
549,550,2,2,0,2,0,2,0,1.0,0,0,2,0.0,0.0,1.0,1.0,1.0
550,551,2,2,1,1,0,2,0,1.0,-1,1,1,0.0,1.0,1.0,0.5,0.6666666666666666
551,552,2,2,1,1,0,2,0,1.0,-1,1,1,0.0,1.0,1.0,0.5,0.6666666666666666
552,553,2,2,1,1,0,2,0,1.0,-1,1,1,0.0,1.0,1.0,0.5,0.6666666666666666
553,554,2,2,1,1,0,2,0,1.0,-1,1,1,0.0,1.0,1.0,0.5,0.6666666666666666
554,555,2,2,1,1,0,2,0,1.0,-1,1,1,0.0,1.0,1.0,0.5,0.6666666666666666
555,556,2,2,2,0,0,2,0,1.0,-2,2,0,0.0,2.0,,0.0,
556,557,2,2,2,0,0,2,0,1.0,-2,2,0,0.0,2.0,,0.0,
557,558,2,2,1,1,0,2,0,1.0,-1,1,1,0.0,1.0,1.0,0.5,0.6666666666666666
558,559,2,2,1,1,0,2,0,1.0,-1,1,1,0.0,1.0,1.0,0.5,0.6666666666666666
559,560,2,2,1,1,0,2,0,1.0,-1,1,1,0.0,1.0,1.0,0.5,0.6666666666666666
560,561,2,2,0,1,0,2,0,1.0,0,1,1,0.0,1.0,1.0,0.5,0.6666666666666666
561,562,2,2,1,1,0,2,0,1.0,-1,1,1,0.0,1.0,1.0,0.5,0.6666666666666666
562,563,2,2,1,1,0,2,0,1.0,-1,1,1,0.0,1.0,1.0,0.5,0.6666666666666666
563,564,2,2,1,1,0,2,0,1.0,-1,1,1,0.0,1.0,1.0,0.5,0.6666666666666666
564,565,2,2,1,1,0,2,0,1.0,-1,1,1,0.0,1.0,1.0,0.5,0.6666666666666666
565,566,2,2,1,0,0,2,0,1.0,-1,2,0,0.0,2.0,,0.0,
566,567,2,2,1,0,0,2,0,1.0,-1,2,0,0.0,2.0,,0.0,
567,568,2,2,1,0,0,2,0,1.0,-1,2,0,0.0,2.0,,0.0,
568,569,2,2,1,0,0,2,0,1.0,-1,2,0,0.0,2.0,,0.0,
569,570,2,2,1,0,0,2,0,1.0,-1,2,0,0.0,2.0,,0.0,
570,571,0,2,0,0,0,2,2,0.0,0,2,0,0.0,0.0,,,
571,572,0,2,0,0,0,2,2,0.0,0,2,0,0.0,0.0,,,
572,573,0,2,0,0,0,2,2,0.0,0,2,0,0.0,0.0,,,
573,574,1,2,1,0,0,2,1,0.6666666666666666,-1,2,0,0.0,1.0,,0.0,
574,575,1,2,1,0,0,2,1,0.6666666666666666,-1,2,0,0.0,1.0,,0.0,
575,576,0,2,0,0,0,2,2,0.0,0,2,0,0.0,0.0,,,
576,577,1,2,1,0,0,2,1,0.6666666666666666,-1,2,0,0.0,1.0,,0.0,
577,578,1,1,1,0,0,1,0,1.0,-1,1,0,0.0,1.0,,0.0,
578,579,1,1,1,0,0,1,0,1.0,-1,1,0,0.0,1.0,,0.0,
579,580,0,1,0,0,0,1,1,0.0,0,1,0,0.0,0.0,,,
580,581,1,1,1,0,0,1,0,1.0,-1,1,0,0.0,1.0,,0.0,
581,582,0,1,0,0,0,1,1,0.0,0,1,0,0.0,0.0,,,
582,583,0,2,0,0,1,1,2,0.0,1,1,0,-1.0,-1.0,-0.0,-0.0,
583,584,0,2,0,0,1,1,2,0.0,1,1,0,-1.0,-1.0,-0.0,-0.0,
584,585,2,2,2,0,1,1,0,1.0,-1,1,0,0.0,1.0,,0.0,
585,586,1,2,1,0,1,1,1,0.6666666666666666,0,1,0,0.0,0.0,,,
586,587,2,3,2,0,1,2,1,0.8,-1,2,0,0.0,1.0,,0.0,
587,588,2,3,2,0,1,2,1,0.8,-1,2,0,0.0,1.0,,0.0,
588,589,3,3,3,0,1,2,0,1.0,-2,2,0,0.0,2.0,,0.0,
589,590,2,3,2,0,1,2,1,0.8,-1,2,0,0.0,1.0,,0.0,
590,591,2,4,2,0,2,2,2,0.6666666666666666,0,2,0,0.0,0.0,,,
591,592,3,4,2,1,2,2,1,0.8571428571428571,0,1,1,0.0,0.0,1.0,1.0,1.0
592,593,3,4,3,0,2,2,1,0.8571428571428571,-1,2,0,0.0,1.0,,0.0,
593,594,3,4,3,0,2,2,1,0.8571428571428571,-1,2,0,0.0,1.0,,0.0,
594,595,3,4,2,1,2,2,1,0.8571428571428571,0,1,1,0.0,0.0,1.0,1.0,1.0
595,596,4,4,3,1,2,2,0,1.0,-1,1,1,0.0,1.0,1.0,0.5,0.6666666666666666
596,597,4,5,3,1,2,3,1,0.888888888888889,-1,2,1,0.0,1.0,1.0,0.5,0.6666666666666666
597,598,3,5,2,1,2,3,2,0.7499999999999999,0,2,1,0.0,0.0,1.0,1.0,1.0
598,599,4,5,3,1,2,3,1,0.888888888888889,-1,2,1,0.0,1.0,1.0,0.5,0.6666666666666666
599,600,4,5,3,1,2,3,1,0.888888888888889,-1,2,1,0.0,1.0,1.0,0.5,0.6666666666666666
600,601,4,5,3,1,2,3,1,0.888888888888889,-1,2,1,0.0,1.0,1.0,0.5,0.6666666666666666
601,602,4,5,3,1,2,3,1,0.888888888888889,-1,2,1,0.0,1.0,1.0,0.5,0.6666666666666666
602,603,5,5,4,1,2,3,0,1.0,-2,2,1,0.0,2.0,1.0,0.3333333333333333,0.5
603,604,4,5,4,0,2,3,1,0.888888888888889,-2,3,0,0.0,2.0,,0.0,
604,605,4,5,4,0,2,3,1,0.888888888888889,-2,3,0,0.0,2.0,,0.0,
605,606,4,5,4,0,2,3,1,0.888888888888889,-2,3,0,0.0,2.0,,0.0,
606,607,4,5,4,0,2,3,1,0.888888888888889,-2,3,0,0.0,2.0,,0.0,
607,608,4,5,4,0,2,3,1,0.888888888888889,-2,3,0,0.0,2.0,,0.0,
608,609,4,5,3,0,2,3,1,0.888888888888889,-1,3,0,0.0,2.0,,0.0,
609,610,4,5,3,1,2,3,1,0.888888888888889,-1,2,1,0.0,1.0,1.0,0.5,0.6666666666666666
610,611,4,5,3,1,2,3,1,0.888888888888889,-1,2,1,0.0,1.0,1.0,0.5,0.6666666666666666
611,612,4,5,3,0,2,3,1,0.888888888888889,-1,3,0,0.0,2.0,,0.0,
612,613,4,5,4,0,2,3,1,0.888888888888889,-2,3,0,0.0,2.0,,0.0,
613,614,5,5,5,0,2,3,0,1.0,-3,3,0,0.0,3.0,,0.0,
614,615,5,5,4,0,2,3,0,1.0,-2,3,0,0.0,3.0,,0.0,
615,616,5,5,5,0,2,3,0,1.0,-3,3,0,0.0,3.0,,0.0,
616,617,4,5,4,0,2,3,1,0.888888888888889,-2,3,0,0.0,2.0,,0.0,
617,618,4,5,4,0,2,3,1,0.888888888888889,-2,3,0,0.0,2.0,,0.0,
618,619,5,5,5,0,2,3,0,1.0,-3,3,0,0.0,3.0,,0.0,
619,620,5,5,5,0,2,3,0,1.0,-3,3,0,0.0,3.0,,0.0,
620,621,5,5,5,0,2,3,0,1.0,-3,3,0,0.0,3.0,,0.0,
621,622,5,5,5,0,2,3,0,1.0,-3,3,0,0.0,3.0,,0.0,
622,623,5,5,5,0,2,3,0,1.0,-3,3,0,0.0,3.0,,0.0,
623,624,5,5,5,0,2,3,0,1.0,-3,3,0,0.0,3.0,,0.0,
624,625,5,5,5,0,2,3,0,1.0,-3,3,0,0.0,3.0,,0.0,
625,626,5,4,5,0,2,2,-1,1.0,-3,2,0,0.0,1.0,,0.0,
626,627,4,4,4,0,2,2,0,1.0,-2,2,0,0.0,2.0,,0.0,
627,628,4,4,4,0,2,2,0,1.0,-2,2,0,0.0,2.0,,0.0,
628,629,4,4,4,0,2,2,0,1.0,-2,2,0,0.0,2.0,,0.0,
629,630,4,4,4,0,2,2,0,1.0,-2,2,0,0.0,2.0,,0.0,
630,631,2,4,2,0,2,2,2,0.6666666666666666,0,2,0,0.0,0.0,,,
631,632,3,4,3,0,2,2,1,0.8571428571428571,-1,2,0,0.0,1.0,,0.0,
632,633,3,4,2,1,2,2,1,0.8571428571428571,0,1,1,0.0,0.0,1.0,1.0,1.0
633,634,3,4,3,0,2,2,1,0.8571428571428571,-1,2,0,0.0,1.0,,0.0,
634,635,3,4,2,1,2,2,1,0.8571428571428571,0,1,1,0.0,0.0,1.0,1.0,1.0
635,636,4,4,4,0,2,2,0,1.0,-2,2,0,0.0,2.0,,0.0,
636,637,4,4,4,0,2,2,0,1.0,-2,2,0,0.0,2.0,,0.0,
637,638,4,4,3,0,2,2,0,1.0,-1,2,0,0.0,2.0,,0.0,
638,639,4,4,3,0,2,2,0,1.0,-1,2,0,0.0,2.0,,0.0,
639,640,4,4,3,0,2,2,0,1.0,-1,2,0,0.0,2.0,,0.0,
640,641,4,4,2,1,2,2,0,1.0,0,1,1,0.0,1.0,1.0,0.5,0.6666666666666666
641,642,3,4,3,0,2,2,1,0.8571428571428571,-1,2,0,0.0,1.0,,0.0,
642,643,3,4,3,0,2,2,1,0.8571428571428571,-1,2,0,0.0,1.0,,0.0,
643,644,3,4,3,0,2,2,1,0.8571428571428571,-1,2,0,0.0,1.0,,0.0,
644,645,3,4,3,0,2,2,1,0.8571428571428571,-1,2,0,0.0,1.0,,0.0,
645,646,4,4,4,0,2,2,0,1.0,-2,2,0,0.0,2.0,,0.0,
646,647,4,4,4,0,2,2,0,1.0,-2,2,0,0.0,2.0,,0.0,
647,648,4,4,4,0,2,2,0,1.0,-2,2,0,0.0,2.0,,0.0,
648,649,4,4,4,0,2,2,0,1.0,-2,2,0,0.0,2.0,,0.0,
649,650,4,4,3,0,2,2,0,1.0,-1,2,0,0.0,2.0,,0.0,
650,651,4,4,3,0,2,2,0,1.0,-1,2,0,0.0,2.0,,0.0,
651,652,4,4,3,0,2,2,0,1.0,-1,2,0,0.0,2.0,,0.0,
652,653,4,4,4,0,2,2,0,1.0,-2,2,0,0.0,2.0,,0.0,
653,654,4,4,3,0,2,2,0,1.0,-1,2,0,0.0,2.0,,0.0,
654,655,5,4,5,0,2,2,-1,1.0,-3,2,0,0.0,1.0,,0.0,
655,656,5,4,4,1,2,2,-1,1.0,-2,1,1,0.0,0.0,1.0,1.0,1.0
656,657,5,4,5,0,2,2,-1,1.0,-3,2,0,0.0,1.0,,0.0,
657,658,5,4,5,0,2,2,-1,1.0,-3,2,0,0.0,1.0,,0.0,
658,659,5,4,5,0,2,2,-1,1.0,-3,2,0,0.0,1.0,,0.0,
659,660,5,4,5,0,2,2,-1,1.0,-3,2,0,0.0,1.0,,0.0,
660,661,5,4,4,1,2,2,-1,1.0,-2,1,1,0.0,0.0,1.0,1.0,1.0
661,662,4,4,3,1,2,2,0,1.0,-1,1,1,0.0,1.0,1.0,0.5,0.6666666666666666
662,663,4,4,4,0,2,2,0,1.0,-2,2,0,0.0,2.0,,0.0,
663,664,3,4,3,0,2,2,1,0.8571428571428571,-1,2,0,0.0,1.0,,0.0,
664,665,3,4,3,0,2,2,1,0.8571428571428571,-1,2,0,0.0,1.0,,0.0,
665,666,3,4,2,1,2,2,1,0.8571428571428571,0,1,1,0.0,0.0,1.0,1.0,1.0
666,667,3,4,3,0,2,2,1,0.8571428571428571,-1,2,0,0.0,1.0,,0.0,
667,668,3,4,3,0,2,2,1,0.8571428571428571,-1,2,0,0.0,1.0,,0.0,
668,669,3,4,3,0,2,2,1,0.8571428571428571,-1,2,0,0.0,1.0,,0.0,
669,670,3,4,3,0,2,2,1,0.8571428571428571,-1,2,0,0.0,1.0,,0.0,
670,671,3,4,3,0,2,2,1,0.8571428571428571,-1,2,0,0.0,1.0,,0.0,
671,672,3,4,2,1,2,2,1,0.8571428571428571,0,1,1,0.0,0.0,1.0,1.0,1.0
672,673,3,4,3,0,2,2,1,0.8571428571428571,-1,2,0,0.0,1.0,,0.0,
673,674,3,4,3,0,2,2,1,0.8571428571428571,-1,2,0,0.0,1.0,,0.0,
674,675,3,4,3,0,2,2,1,0.8571428571428571,-1,2,0,0.0,1.0,,0.0,
675,676,3,4,3,0,2,2,1,0.8571428571428571,-1,2,0,0.0,1.0,,0.0,
676,677,3,4,3,0,2,2,1,0.8571428571428571,-1,2,0,0.0,1.0,,0.0,
677,678,4,4,3,1,2,2,0,1.0,-1,1,1,0.0,1.0,1.0,0.5,0.6666666666666666
678,679,4,4,4,0,2,2,0,1.0,-2,2,0,0.0,2.0,,0.0,
679,680,4,4,4,0,2,2,0,1.0,-2,2,0,0.0,2.0,,0.0,
680,681,4,4,4,0,2,2,0,1.0,-2,2,0,0.0,2.0,,0.0,
681,682,4,4,3,1,2,2,0,1.0,-1,1,1,0.0,1.0,1.0,0.5,0.6666666666666666
682,683,4,4,3,1,2,2,0,1.0,-1,1,1,0.0,1.0,1.0,0.5,0.6666666666666666
683,684,3,4,2,1,2,2,1,0.8571428571428571,0,1,1,0.0,0.0,1.0,1.0,1.0
684,685,3,4,3,0,2,2,1,0.8571428571428571,-1,2,0,0.0,1.0,,0.0,
685,686,3,5,3,0,2,3,2,0.7499999999999999,-1,3,0,0.0,1.0,,0.0,
686,687,3,5,2,1,2,3,2,0.7499999999999999,0,2,1,0.0,0.0,1.0,1.0,1.0
687,688,3,5,2,1,2,3,2,0.7499999999999999,0,2,1,0.0,0.0,1.0,1.0,1.0
688,689,2,5,2,0,2,3,3,0.5714285714285715,0,3,0,0.0,0.0,,,
689,690,3,5,2,1,2,3,2,0.7499999999999999,0,2,1,0.0,0.0,1.0,1.0,1.0
690,691,4,5,3,1,2,3,1,0.888888888888889,-1,2,1,0.0,1.0,1.0,0.5,0.6666666666666666
691,692,4,5,3,1,2,3,1,0.888888888888889,-1,2,1,0.0,1.0,1.0,0.5,0.6666666666666666
692,693,5,5,4,1,2,3,0,1.0,-2,2,1,0.0,2.0,1.0,0.3333333333333333,0.5
693,694,5,5,5,0,2,3,0,1.0,-3,3,0,0.0,3.0,,0.0,
694,695,5,5,4,1,2,3,0,1.0,-2,2,1,0.0,2.0,1.0,0.3333333333333333,0.5
695,696,5,5,5,0,2,3,0,1.0,-3,3,0,0.0,3.0,,0.0,
696,697,5,5,4,1,2,3,0,1.0,-2,2,1,0.0,2.0,1.0,0.3333333333333333,0.5
697,698,5,5,4,1,2,3,0,1.0,-2,2,1,0.0,2.0,1.0,0.3333333333333333,0.5
698,699,5,5,5,0,2,3,0,1.0,-3,3,0,0.0,3.0,,0.0,
699,700,5,5,5,0,2,3,0,1.0,-3,3,0,0.0,3.0,,0.0,
700,701,5,5,5,0,2,3,0,1.0,-3,3,0,0.0,3.0,,0.0,
701,702,5,5,5,0,2,3,0,1.0,-3,3,0,0.0,3.0,,0.0,
702,703,5,5,5,0,2,3,0,1.0,-3,3,0,0.0,3.0,,0.0,
703,704,5,5,5,0,2,3,0,1.0,-3,3,0,0.0,3.0,,0.0,
704,705,5,5,5,0,2,3,0,1.0,-3,3,0,0.0,3.0,,0.0,
705,706,5,5,5,0,2,3,0,1.0,-3,3,0,0.0,3.0,,0.0,
706,707,5,5,5,0,2,3,0,1.0,-3,3,0,0.0,3.0,,0.0,
707,708,5,5,5,0,2,3,0,1.0,-3,3,0,0.0,3.0,,0.0,
708,709,5,5,5,0,2,3,0,1.0,-3,3,0,0.0,3.0,,0.0,
709,710,4,5,4,0,2,3,1,0.888888888888889,-2,3,0,0.0,2.0,,0.0,
710,711,4,4,4,0,2,2,0,1.0,-2,2,0,0.0,2.0,,0.0,
711,712,5,4,5,0,2,2,-1,1.0,-3,2,0,0.0,1.0,,0.0,
712,713,5,4,5,0,2,2,-1,1.0,-3,2,0,0.0,1.0,,0.0,
713,714,5,4,5,0,2,2,-1,1.0,-3,2,0,0.0,1.0,,0.0,
714,715,4,4,4,0,2,2,0,1.0,-2,2,0,0.0,2.0,,0.0,
715,716,4,4,4,0,2,2,0,1.0,-2,2,0,0.0,2.0,,0.0,
716,717,4,4,4,0,2,2,0,1.0,-2,2,0,0.0,2.0,,0.0,
717,718,4,4,4,0,2,2,0,1.0,-2,2,0,0.0,2.0,,0.0,
718,719,4,4,3,0,2,2,0,1.0,-1,2,0,0.0,2.0,,0.0,
719,720,4,4,4,0,2,2,0,1.0,-2,2,0,0.0,2.0,,0.0,
720,721,4,4,3,0,2,2,0,1.0,-1,2,0,0.0,2.0,,0.0,
721,722,4,4,4,0,2,2,0,1.0,-2,2,0,0.0,2.0,,0.0,
722,723,4,4,4,0,2,2,0,1.0,-2,2,0,0.0,2.0,,0.0,
723,724,4,4,4,0,2,2,0,1.0,-2,2,0,0.0,2.0,,0.0,
724,725,4,4,4,0,2,2,0,1.0,-2,2,0,0.0,2.0,,0.0,
725,726,4,4,3,0,2,2,0,1.0,-1,2,0,0.0,2.0,,0.0,
726,727,4,4,4,0,2,2,0,1.0,-2,2,0,0.0,2.0,,0.0,
727,728,4,4,4,0,2,2,0,1.0,-2,2,0,0.0,2.0,,0.0,
728,729,4,4,4,0,2,2,0,1.0,-2,2,0,0.0,2.0,,0.0,
729,730,4,4,4,0,2,2,0,1.0,-2,2,0,0.0,2.0,,0.0,
730,731,4,4,4,0,2,2,0,1.0,-2,2,0,0.0,2.0,,0.0,
731,732,3,4,3,0,2,2,1,0.8571428571428571,-1,2,0,0.0,1.0,,0.0,
732,733,3,4,3,0,2,2,1,0.8571428571428571,-1,2,0,0.0,1.0,,0.0,
733,734,3,4,3,0,2,2,1,0.8571428571428571,-1,2,0,0.0,1.0,,0.0,
734,735,3,4,3,0,2,2,1,0.8571428571428571,-1,2,0,0.0,1.0,,0.0,
735,736,3,4,3,0,2,2,1,0.8571428571428571,-1,2,0,0.0,1.0,,0.0,
736,737,3,4,3,0,2,2,1,0.8571428571428571,-1,2,0,0.0,1.0,,0.0,
737,738,3,4,3,0,2,2,1,0.8571428571428571,-1,2,0,0.0,1.0,,0.0,
738,739,4,4,4,0,2,2,0,1.0,-2,2,0,0.0,2.0,,0.0,
739,740,3,4,3,0,2,2,1,0.8571428571428571,-1,2,0,0.0,1.0,,0.0,
740,741,3,4,3,0,2,2,1,0.8571428571428571,-1,2,0,0.0,1.0,,0.0,
741,742,3,4,3,0,2,2,1,0.8571428571428571,-1,2,0,0.0,1.0,,0.0,
742,743,4,4,4,0,2,2,0,1.0,-2,2,0,0.0,2.0,,0.0,
743,744,3,4,3,0,2,2,1,0.8571428571428571,-1,2,0,0.0,1.0,,0.0,
744,745,3,4,2,1,2,2,1,0.8571428571428571,0,1,1,0.0,0.0,1.0,1.0,1.0
745,746,3,4,3,0,2,2,1,0.8571428571428571,-1,2,0,0.0,1.0,,0.0,
746,747,3,4,3,0,2,2,1,0.8571428571428571,-1,2,0,0.0,1.0,,0.0,
747,748,3,4,2,1,2,2,1,0.8571428571428571,0,1,1,0.0,0.0,1.0,1.0,1.0
748,749,3,4,2,1,2,2,1,0.8571428571428571,0,1,1,0.0,0.0,1.0,1.0,1.0
749,750,3,4,2,1,2,2,1,0.8571428571428571,0,1,1,0.0,0.0,1.0,1.0,1.0
750,751,4,4,3,1,2,2,0,1.0,-1,1,1,0.0,1.0,1.0,0.5,0.6666666666666666
751,752,4,4,3,1,2,2,0,1.0,-1,1,1,0.0,1.0,1.0,0.5,0.6666666666666666
752,753,4,4,3,1,2,2,0,1.0,-1,1,1,0.0,1.0,1.0,0.5,0.6666666666666666
753,754,3,4,2,1,2,2,1,0.8571428571428571,0,1,1,0.0,0.0,1.0,1.0,1.0
754,755,3,4,2,1,2,2,1,0.8571428571428571,0,1,1,0.0,0.0,1.0,1.0,1.0
755,756,3,4,3,0,2,2,1,0.8571428571428571,-1,2,0,0.0,1.0,,0.0,
756,757,3,4,3,0,2,2,1,0.8571428571428571,-1,2,0,0.0,1.0,,0.0,
757,758,3,4,3,0,2,2,1,0.8571428571428571,-1,2,0,0.0,1.0,,0.0,
758,759,3,4,3,0,2,2,1,0.8571428571428571,-1,2,0,0.0,1.0,,0.0,
759,760,3,4,3,0,2,2,1,0.8571428571428571,-1,2,0,0.0,1.0,,0.0,
760,761,4,4,4,0,2,2,0,1.0,-2,2,0,0.0,2.0,,0.0,
761,762,4,4,4,0,2,2,0,1.0,-2,2,0,0.0,2.0,,0.0,
762,763,3,4,3,0,2,2,1,0.8571428571428571,-1,2,0,0.0,1.0,,0.0,
763,764,3,4,3,0,2,2,1,0.8571428571428571,-1,2,0,0.0,1.0,,0.0,
764,765,3,3,2,1,1,2,0,1.0,-1,1,1,0.0,1.0,1.0,0.5,0.6666666666666666
765,766,3,3,2,1,1,2,0,1.0,-1,1,1,0.0,1.0,1.0,0.5,0.6666666666666666
766,767,3,3,3,0,1,2,0,1.0,-2,2,0,0.0,2.0,,0.0,
767,768,2,3,2,0,1,2,1,0.8,-1,2,0,0.0,1.0,,0.0,
768,769,2,3,2,0,1,2,1,0.8,-1,2,0,0.0,1.0,,0.0,
769,770,2,3,2,0,1,2,1,0.8,-1,2,0,0.0,1.0,,0.0,
770,771,2,3,2,0,1,2,1,0.8,-1,2,0,0.0,1.0,,0.0,
771,772,2,3,2,0,1,2,1,0.8,-1,2,0,0.0,1.0,,0.0,
772,773,3,3,3,0,1,2,0,1.0,-2,2,0,0.0,2.0,,0.0,
773,774,3,3,2,1,1,2,0,1.0,-1,1,1,0.0,1.0,1.0,0.5,0.6666666666666666
774,775,2,3,1,1,1,2,1,0.8,0,1,1,0.0,0.0,1.0,1.0,1.0
775,776,2,3,1,1,1,2,1,0.8,0,1,1,0.0,0.0,1.0,1.0,1.0
776,777,2,3,1,1,1,2,1,0.8,0,1,1,0.0,0.0,1.0,1.0,1.0
777,778,3,3,2,1,1,2,0,1.0,-1,1,1,0.0,1.0,1.0,0.5,0.6666666666666666
778,779,2,3,1,1,1,2,1,0.8,0,1,1,0.0,0.0,1.0,1.0,1.0
779,780,2,4,1,1,2,2,2,0.6666666666666666,1,1,1,-1.0,-1.0,inf,inf,
780,781,3,4,2,1,2,2,1,0.8571428571428571,0,1,1,0.0,0.0,1.0,1.0,1.0
781,782,4,4,3,1,2,2,0,1.0,-1,1,1,0.0,1.0,1.0,0.5,0.6666666666666666
782,783,4,4,2,1,2,2,0,1.0,0,1,1,0.0,1.0,1.0,0.5,0.6666666666666666
783,784,3,4,2,1,2,2,1,0.8571428571428571,0,1,1,0.0,0.0,1.0,1.0,1.0
784,785,4,4,3,1,2,2,0,1.0,-1,1,1,0.0,1.0,1.0,0.5,0.6666666666666666
785,786,3,4,2,1,2,2,1,0.8571428571428571,0,1,1,0.0,0.0,1.0,1.0,1.0
786,787,3,4,1,1,2,2,1,0.8571428571428571,1,1,1,0.0,0.0,1.0,1.0,1.0
787,788,3,4,2,1,2,2,1,0.8571428571428571,0,1,1,0.0,0.0,1.0,1.0,1.0
788,789,3,4,2,1,2,2,1,0.8571428571428571,0,1,1,0.0,0.0,1.0,1.0,1.0
789,790,3,4,2,1,2,2,1,0.8571428571428571,0,1,1,0.0,0.0,1.0,1.0,1.0
790,791,3,4,2,1,2,2,1,0.8571428571428571,0,1,1,0.0,0.0,1.0,1.0,1.0
791,792,3,4,2,1,2,2,1,0.8571428571428571,0,1,1,0.0,0.0,1.0,1.0,1.0
792,793,3,4,2,1,2,2,1,0.8571428571428571,0,1,1,0.0,0.0,1.0,1.0,1.0
793,794,3,4,2,1,2,2,1,0.8571428571428571,0,1,1,0.0,0.0,1.0,1.0,1.0
794,795,3,4,2,1,2,2,1,0.8571428571428571,0,1,1,0.0,0.0,1.0,1.0,1.0
795,796,4,4,3,1,2,2,0,1.0,-1,1,1,0.0,1.0,1.0,0.5,0.6666666666666666
796,797,3,4,2,1,2,2,1,0.8571428571428571,0,1,1,0.0,0.0,1.0,1.0,1.0
797,798,3,4,1,1,2,2,1,0.8571428571428571,1,1,1,0.0,0.0,1.0,1.0,1.0
798,799,3,4,1,1,2,2,1,0.8571428571428571,1,1,1,0.0,0.0,1.0,1.0,1.0
799,800,4,4,2,1,2,2,0,1.0,0,1,1,0.0,1.0,1.0,0.5,0.6666666666666666
800,801,4,4,2,1,2,2,0,1.0,0,1,1,0.0,1.0,1.0,0.5,0.6666666666666666
801,802,4,4,3,1,2,2,0,1.0,-1,1,1,0.0,1.0,1.0,0.5,0.6666666666666666
802,803,3,4,1,1,2,2,1,0.8571428571428571,1,1,1,0.0,0.0,1.0,1.0,1.0
803,804,3,4,2,1,2,2,1,0.8571428571428571,0,1,1,0.0,0.0,1.0,1.0,1.0
804,805,3,4,2,1,2,2,1,0.8571428571428571,0,1,1,0.0,0.0,1.0,1.0,1.0
805,806,3,4,2,1,2,2,1,0.8571428571428571,0,1,1,0.0,0.0,1.0,1.0,1.0
806,807,3,4,1,1,2,2,1,0.8571428571428571,1,1,1,0.0,0.0,1.0,1.0,1.0
807,808,2,4,1,1,2,2,2,0.6666666666666666,1,1,1,-1.0,-1.0,inf,inf,
808,809,2,4,1,1,2,2,2,0.6666666666666666,1,1,1,-1.0,-1.0,inf,inf,
809,810,2,4,1,1,2,2,2,0.6666666666666666,1,1,1,-1.0,-1.0,inf,inf,
810,811,3,4,2,1,2,2,1,0.8571428571428571,0,1,1,0.0,0.0,1.0,1.0,1.0
811,812,3,4,2,1,2,2,1,0.8571428571428571,0,1,1,0.0,0.0,1.0,1.0,1.0
812,813,3,4,2,1,2,2,1,0.8571428571428571,0,1,1,0.0,0.0,1.0,1.0,1.0
813,814,2,4,1,1,2,2,2,0.6666666666666666,1,1,1,-1.0,-1.0,inf,inf,
814,815,3,4,2,1,2,2,1,0.8571428571428571,0,1,1,0.0,0.0,1.0,1.0,1.0
815,816,3,4,2,1,2,2,1,0.8571428571428571,0,1,1,0.0,0.0,1.0,1.0,1.0
816,817,3,4,2,1,2,2,1,0.8571428571428571,0,1,1,0.0,0.0,1.0,1.0,1.0
817,818,2,4,1,1,2,2,2,0.6666666666666666,1,1,1,-1.0,-1.0,inf,inf,
818,819,2,4,1,1,2,2,2,0.6666666666666666,1,1,1,-1.0,-1.0,inf,inf,
819,820,3,4,3,0,2,2,1,0.8571428571428571,-1,2,0,0.0,1.0,,0.0,
820,821,3,4,3,0,2,2,1,0.8571428571428571,-1,2,0,0.0,1.0,,0.0,
821,822,3,4,2,1,2,2,1,0.8571428571428571,0,1,1,0.0,0.0,1.0,1.0,1.0
822,823,3,4,2,1,2,2,1,0.8571428571428571,0,1,1,0.0,0.0,1.0,1.0,1.0
823,824,2,4,1,1,2,2,2,0.6666666666666666,1,1,1,-1.0,-1.0,inf,inf,
824,825,3,4,2,1,2,2,1,0.8571428571428571,0,1,1,0.0,0.0,1.0,1.0,1.0
825,826,4,4,3,1,2,2,0,1.0,-1,1,1,0.0,1.0,1.0,0.5,0.6666666666666666
826,827,3,4,2,1,2,2,1,0.8571428571428571,0,1,1,0.0,0.0,1.0,1.0,1.0
827,828,4,4,3,1,2,2,0,1.0,-1,1,1,0.0,1.0,1.0,0.5,0.6666666666666666
828,829,3,4,2,1,2,2,1,0.8571428571428571,0,1,1,0.0,0.0,1.0,1.0,1.0
829,830,4,4,3,1,2,2,0,1.0,-1,1,1,0.0,1.0,1.0,0.5,0.6666666666666666
830,831,4,4,2,2,2,2,0,1.0,0,0,2,0.0,0.0,1.0,1.0,1.0
831,832,3,4,2,1,2,2,1,0.8571428571428571,0,1,1,0.0,0.0,1.0,1.0,1.0
832,833,4,4,3,1,2,2,0,1.0,-1,1,1,0.0,1.0,1.0,0.5,0.6666666666666666
833,834,4,4,4,0,2,2,0,1.0,-2,2,0,0.0,2.0,,0.0,
834,835,4,4,4,0,2,2,0,1.0,-2,2,0,0.0,2.0,,0.0,
835,836,5,4,4,1,2,2,-1,1.0,-2,1,1,0.0,0.0,1.0,1.0,1.0
836,837,5,4,5,0,2,2,-1,1.0,-3,2,0,0.0,1.0,,0.0,
837,838,4,4,3,1,2,2,0,1.0,-1,1,1,0.0,1.0,1.0,0.5,0.6666666666666666
838,839,4,4,3,1,2,2,0,1.0,-1,1,1,0.0,1.0,1.0,0.5,0.6666666666666666
839,840,4,4,4,0,2,2,0,1.0,-2,2,0,0.0,2.0,,0.0,
840,841,4,4,4,0,2,2,0,1.0,-2,2,0,0.0,2.0,,0.0,
841,842,4,4,4,0,2,2,0,1.0,-2,2,0,0.0,2.0,,0.0,
842,843,4,4,4,0,2,2,0,1.0,-2,2,0,0.0,2.0,,0.0,
843,844,3,4,3,0,2,2,1,0.8571428571428571,-1,2,0,0.0,1.0,,0.0,
844,845,4,4,4,0,2,2,0,1.0,-2,2,0,0.0,2.0,,0.0,
845,846,4,4,4,0,2,2,0,1.0,-2,2,0,0.0,2.0,,0.0,
846,847,4,4,4,0,2,2,0,1.0,-2,2,0,0.0,2.0,,0.0,
847,848,4,4,4,0,2,2,0,1.0,-2,2,0,0.0,2.0,,0.0,
848,849,4,4,4,0,2,2,0,1.0,-2,2,0,0.0,2.0,,0.0,
849,850,4,4,4,0,2,2,0,1.0,-2,2,0,0.0,2.0,,0.0,
850,851,4,4,4,0,2,2,0,1.0,-2,2,0,0.0,2.0,,0.0,
851,852,4,4,4,0,2,2,0,1.0,-2,2,0,0.0,2.0,,0.0,
852,853,4,4,4,0,2,2,0,1.0,-2,2,0,0.0,2.0,,0.0,
853,854,4,4,3,1,2,2,0,1.0,-1,1,1,0.0,1.0,1.0,0.5,0.6666666666666666
854,855,4,4,3,1,2,2,0,1.0,-1,1,1,0.0,1.0,1.0,0.5,0.6666666666666666
855,856,4,4,3,1,2,2,0,1.0,-1,1,1,0.0,1.0,1.0,0.5,0.6666666666666666
856,857,4,4,4,0,2,2,0,1.0,-2,2,0,0.0,2.0,,0.0,
857,858,4,4,3,1,2,2,0,1.0,-1,1,1,0.0,1.0,1.0,0.5,0.6666666666666666
858,859,3,4,2,1,2,2,1,0.8571428571428571,0,1,1,0.0,0.0,1.0,1.0,1.0
859,860,3,4,2,1,2,2,1,0.8571428571428571,0,1,1,0.0,0.0,1.0,1.0,1.0
860,861,3,4,2,1,2,2,1,0.8571428571428571,0,1,1,0.0,0.0,1.0,1.0,1.0
861,862,3,4,2,1,2,2,1,0.8571428571428571,0,1,1,0.0,0.0,1.0,1.0,1.0
862,863,3,4,2,1,2,2,1,0.8571428571428571,0,1,1,0.0,0.0,1.0,1.0,1.0
863,864,3,4,2,1,2,2,1,0.8571428571428571,0,1,1,0.0,0.0,1.0,1.0,1.0
864,865,3,4,2,1,2,2,1,0.8571428571428571,0,1,1,0.0,0.0,1.0,1.0,1.0
865,866,4,4,3,1,2,2,0,1.0,-1,1,1,0.0,1.0,1.0,0.5,0.6666666666666666
866,867,4,4,3,1,2,2,0,1.0,-1,1,1,0.0,1.0,1.0,0.5,0.6666666666666666
867,868,4,4,3,1,2,2,0,1.0,-1,1,1,0.0,1.0,1.0,0.5,0.6666666666666666
868,869,3,4,2,1,2,2,1,0.8571428571428571,0,1,1,0.0,0.0,1.0,1.0,1.0
869,870,4,4,3,1,2,2,0,1.0,-1,1,1,0.0,1.0,1.0,0.5,0.6666666666666666
870,871,4,4,3,1,2,2,0,1.0,-1,1,1,0.0,1.0,1.0,0.5,0.6666666666666666
871,872,3,4,2,1,2,2,1,0.8571428571428571,0,1,1,0.0,0.0,1.0,1.0,1.0
872,873,3,4,2,1,2,2,1,0.8571428571428571,0,1,1,0.0,0.0,1.0,1.0,1.0
873,874,4,4,3,1,2,2,0,1.0,-1,1,1,0.0,1.0,1.0,0.5,0.6666666666666666
874,875,3,4,2,1,2,2,1,0.8571428571428571,0,1,1,0.0,0.0,1.0,1.0,1.0
875,876,3,4,2,1,2,2,1,0.8571428571428571,0,1,1,0.0,0.0,1.0,1.0,1.0
876,877,3,4,2,1,2,2,1,0.8571428571428571,0,1,1,0.0,0.0,1.0,1.0,1.0
877,878,3,4,1,1,2,2,1,0.8571428571428571,1,1,1,0.0,0.0,1.0,1.0,1.0
878,879,3,4,2,1,2,2,1,0.8571428571428571,0,1,1,0.0,0.0,1.0,1.0,1.0
879,880,3,4,1,1,2,2,1,0.8571428571428571,1,1,1,0.0,0.0,1.0,1.0,1.0
880,881,3,4,2,1,2,2,1,0.8571428571428571,0,1,1,0.0,0.0,1.0,1.0,1.0
881,882,3,4,2,1,2,2,1,0.8571428571428571,0,1,1,0.0,0.0,1.0,1.0,1.0
882,883,3,4,1,1,2,2,1,0.8571428571428571,1,1,1,0.0,0.0,1.0,1.0,1.0
883,884,3,4,1,1,2,2,1,0.8571428571428571,1,1,1,0.0,0.0,1.0,1.0,1.0
884,885,3,4,1,1,2,2,1,0.8571428571428571,1,1,1,0.0,0.0,1.0,1.0,1.0
885,886,3,4,2,1,2,2,1,0.8571428571428571,0,1,1,0.0,0.0,1.0,1.0,1.0
886,887,3,4,2,1,2,2,1,0.8571428571428571,0,1,1,0.0,0.0,1.0,1.0,1.0
887,888,3,4,2,1,2,2,1,0.8571428571428571,0,1,1,0.0,0.0,1.0,1.0,1.0
888,889,3,4,2,1,2,2,1,0.8571428571428571,0,1,1,0.0,0.0,1.0,1.0,1.0
889,890,3,4,2,1,2,2,1,0.8571428571428571,0,1,1,0.0,0.0,1.0,1.0,1.0
890,891,3,4,2,1,2,2,1,0.8571428571428571,0,1,1,0.0,0.0,1.0,1.0,1.0
891,892,3,4,2,1,2,2,1,0.8571428571428571,0,1,1,0.0,0.0,1.0,1.0,1.0
892,893,3,4,2,1,2,2,1,0.8571428571428571,0,1,1,0.0,0.0,1.0,1.0,1.0
893,894,3,4,1,1,2,2,1,0.8571428571428571,1,1,1,0.0,0.0,1.0,1.0,1.0
894,895,3,4,1,1,2,2,1,0.8571428571428571,1,1,1,0.0,0.0,1.0,1.0,1.0
895,896,3,4,2,0,2,2,1,0.8571428571428571,0,2,0,0.0,1.0,,0.0,
896,897,3,4,1,1,2,2,1,0.8571428571428571,1,1,1,0.0,0.0,1.0,1.0,1.0
897,898,3,4,3,0,2,2,1,0.8571428571428571,-1,2,0,0.0,1.0,,0.0,
898,899,3,4,1,1,2,2,1,0.8571428571428571,1,1,1,0.0,0.0,1.0,1.0,1.0
899,900,3,4,2,0,2,2,1,0.8571428571428571,0,2,0,0.0,1.0,,0.0,
